المنتج,الفئة,السعر (د.أ),الكمية,التقييم
هورتوس سيمنتي – شبت,بذور ورقية وعشبية,15.00,10,0 (0 تقييم)
هورتوس كريس,بذور ورقية وعشبية,15.00,10,0 (0 تقييم)
بروكسل روزيلا,بذور محاصيل صيفية,5.00,10,0 (0 تقييم)
ريحان جنوميتو,بذور ورقية وعشبية,1.00,10,0 (0 تقييم)
خيار التخليل الباريسي الأخضر الصغير,بذور محاصيل صيفية,1.00,10,0 (0 تقييم)
خيار بيت ألفا,بذور محاصيل صيفية,1.00,10,0 (0 تقييم)
فلفل حار تروتولينو أموروزو,بذور محاصيل صيفية,1.00,10,0 (0 تقييم)
ذرة صفراء حلوة,بذور محاصيل صيفية,1.00,10,0 (0 تقييم)
بطيخ شوجر بيبي,بذور محاصيل صيفية,1.00,10,0 (0 تقييم)
بطيخ كريمسون سويت,بذور محاصيل صيفية,1.00,10,0 (0 تقييم)
باذنجان,بذور محاصيل صيفية,1.00,10,0 (0 تقييم)
باذنجان أبيض طويل,بذور محاصيل صيفية,1.00,10,0 (0 تقييم)
باذنجان أسود,بذور محاصيل صيفية,1.00,10,0 (0 تقييم)
باذنجان مخطط بنفسجي,بذور محاصيل صيفية,1.00,10,0 (0 تقييم)
خس لولو,بذور ورقية وعشبية,1.00,10,0 (0 تقييم)
خس روماني,بذور ورقية وعشبية,1.00,10,0 (0 تقييم)
ملفوف أحمر,بذور محاصيل شتوية,1.00,10,0 (0 تقييم)
ملفوف أخضر,بذور محاصيل شتوية,1.00,10,0 (0 تقييم)
قرنبيط أبيض,بذور محاصيل شتوية,1.00,10,0 (0 تقييم)
فلفل حلو أحمر,بذور محاصيل صيفية,1.00,10,0 (0 تقييم)
فلفل حار تايلاندي,بذور محاصيل صيفية,1.00,10,0 (0 تقييم)
فلفل حار,بذور محاصيل صيفية,1.00,10,0 (0 تقييم)
فلفل على شكل قرن,بذور محاصيل صيفية,1.00,10,0 (0 تقييم)
لفت أبيض,بذور محاصيل شتوية,1.00,10,0 (0 تقييم)
شمندر أحمر,بذور محاصيل شتوية,1.00,10,0 (0 تقييم)
فجل أبيض,بذور محاصيل شتوية,1.00,10,0 (0 تقييم)
فول أخضر,بذور محاصيل صيفية,1.00,10,0 (0 تقييم)
فاصوليا خضراء,بذور محاصيل صيفية,1.00,10,0 (0 تقييم)
بامية خضراء,بذور محاصيل صيفية,1.00,10,0 (0 تقييم)
القرع القاروري,بذور محاصيل صيفية,1.00,10,0 (0 تقييم)
البازيلاء الخضراء,بذور محاصيل شتوية,1.00,10,0 (0 تقييم)
فلفل الأخضر,بذور محاصيل صيفية,1.00,10,0 (0 تقييم)
سبانخ,بذور ورقية وعشبية,1.00,10,0 (0 تقييم)
ملوخية,بذور ورقية وعشبية,1.00,10,0 (0 تقييم)
بصل أخضر,بذور ورقية وعشبية,1.00,10,0 (0 تقييم)
بَقْلة,بذور ورقية وعشبية,1.00,10,0 (0 تقييم)
زعتر,بذور ورقية وعشبية,1.00,10,0 (0 تقييم)
بصل أبيض,بذور محاصيل شتوية,1.00,10,0 (0 تقييم)
بصل أحمر,بذور محاصيل شتوية,1.00,10,0 (0 تقييم)
بصل,بذور محاصيل شتوية,1.00,10,0 (0 تقييم)
أوراق الفجل,بذور ورقية وعشبية,1.00,10,0 (0 تقييم)
النعناع,بذور ورقية وعشبية,1.00,10,0 (0 تقييم)
طماطم مارماند,بذور محاصيل صيفية,1.00,10,0 (0 تقييم)
طماطم كبيرة,بذور محاصيل صيفية,1.00,10,0 (0 تقييم)
طماطم مدوّرة,بذور محاصيل صيفية,1.00,10,0 (0 تقييم)
طماطم بيف,بذور محاصيل صيفية,1.00,10,0 (0 تقييم)
طماطم سورينتو,بذور محاصيل صيفية,1.00,10,0 (0 تقييم)
صبّار مشكّل,بذور زينة,5.00,10,0 (0 تقييم)
بروكلي تونوس,بذور محاصيل شتوية,5.00,10,0 (0 تقييم)
بقدونس نيجنويه كروجيڤو,بذور ورقية وعشبية,5.00,10,0 (0 تقييم)
ملفوف بروكسل سوار الرمان F1,بذور محاصيل شتوية,5.00,10,0 (0 تقييم)
خس لولو روسا,بذور ورقية وعشبية,5.00,10,0 (0 تقييم)
جزر أليتا,بذور محاصيل شتوية,5.00,10,0 (0 تقييم)
صبار,بذور زينة,5.00,10,0 (0 تقييم)
شمام سيدك F1 سلا دوسترانتسيا,بذور محاصيل صيفية,5.00,10,0 (0 تقييم)
بطيخ مون أند ستارز,بذور محاصيل صيفية,5.00,10,0 (0 تقييم)
باذنجان شيكوفي,بذور محاصيل صيفية,5.00,10,0 (0 تقييم)
خيار ميمو,بذور محاصيل صيفية,5.00,10,0 (0 تقييم)
بصل أحمر كارمن,بذور محاصيل شتوية,5.00,10,0 (0 تقييم)
باذنجان F1 بيليكان,بذور محاصيل صيفية,5.00,10,0 (0 تقييم)
باذنجان ابيض,بذور محاصيل صيفية,5.00,10,0 (0 تقييم)
فاصوليا هوليّة,بذور محاصيل صيفية,5.00,10,0 (0 تقييم)
فراولة ألبية,بذور محاصيل صيفية,5.00,10,0 (0 تقييم)
فراولة برية مستمرة الإنتاج وايت سول,بذور محاصيل صيفية,5.00,10,0 (0 تقييم)
فلفل حار كاراباس باراباس,بذور محاصيل صيفية,5.00,10,0 (0 تقييم)
جزر ميامي F1,بذور محاصيل شتوية,5.00,10,0 (0 تقييم)
بازلاء سكرية,بذور محاصيل شتوية,5.00,10,0 (0 تقييم)
ذرة صفراء,بذور محاصيل صيفية,1.00,10,0 (0 تقييم)
خبيزة,بذور ورقية وعشبية,1.00,10,0 (0 تقييم)
يقطين,بذور محاصيل صيفية,1.00,10,0 (0 تقييم)
قثاء بيضاء,بذور محاصيل صيفية,1.00,10,0 (0 تقييم)
قرنبيط,بذور محاصيل شتوية,1.00,10,0 (0 تقييم)
بذور فاصوليا سوداء (لوبيا),بذور محاصيل صيفية,1.00,10,0 (0 تقييم)
باذنجان وردي,بذور محاصيل صيفية,1.00,10,0 (0 تقييم)
بطيخ أحمر,بذور محاصيل صيفية,1.00,10,0 (0 تقييم)
ذرة بيضاء,بذور محاصيل صيفية,1.00,10,0 (0 تقييم)
هليون مزهر,بذور محاصيل شتوية,1.00,10,0 (0 تقييم)
لسان الثور,بذور ورقية وعشبية,1.00,10,0 (0 تقييم)
كزبرة ريزستو,بذور ورقية وعشبية,1.00,10,0 (0 تقييم)
ينسون أخضر,بذور ورقية وعشبية,1.00,10,0 (0 تقييم)
شبت,بذور ورقية وعشبية,1.00,10,0 (0 تقييم)
مردقوش صيفي,بذور ورقية وعشبية,1.00,10,0 (0 تقييم)
إكليل الجبل,بذور ورقية وعشبية,1.00,10,0 (0 تقييم)
نعناع فلفلي,بذور ورقية وعشبية,1.00,10,0 (0 تقييم)
مريمية,بذور ورقية وعشبية,1.00,10,0 (0 تقييم)
ورد الخبّاز,بذور زينة,1.00,10,0 (0 تقييم)
بصل اخضر,بذور محاصيل شتوية,1.00,10,0 (0 تقييم)
فلفل حار داتيرو,بذور محاصيل صيفية,1.00,10,0 (0 تقييم)
فلفل حلو,بذور محاصيل صيفية,1.00,10,0 (0 تقييم)
الشمر المتأخر,بذور محاصيل شتوية,1.00,10,0 (0 تقييم)
فاصولياء متسلقة حب أبيض,بذور محاصيل صيفية,1.00,10,0 (0 تقييم)
ملفوف بروكسل نصف قزم,بذور محاصيل شتوية,1.00,10,0 (0 تقييم)
كوسا صقلية,بذور محاصيل صيفية,1.00,10,0 (0 تقييم)
كرفس جذر,بذور محاصيل شتوية,1.00,10,0 (0 تقييم)
قرع أخضر دائري,بذور محاصيل صيفية,1.00,10,0 (0 تقييم)
أرطيشو بنفسجي,بذور محاصيل صيفية,1.00,10,0 (0 تقييم)
سلق,بذور ورقية وعشبية,1.00,10,0 (0 تقييم)
سبانخ – F1,بذور ورقية وعشبية,1.00,10,0 (0 تقييم)
ذرة فشار,بذور محاصيل صيفية,1.00,10,0 (0 تقييم)
بروكلي راب,بذور ورقية وعشبية,1.00,10,0 (0 تقييم)
هليون,بذور محاصيل شتوية,1.00,10,0 (0 تقييم)
القرع الشتوي,بذور محاصيل شتوية,1.00,10,0 (0 تقييم)
زهرة الأقحوان,بذور زينة,1.00,10,0 (0 تقييم)
فانوس صيني,بذور زينة,1.00,10,0 (0 تقييم)
زهرة الكنز,بذور زينة,1.00,10,0 (0 تقييم)
دوار الشمس العملاق,بذور محاصيل صيفية,1.00,10,0 (0 تقييم)
بذور نجيل طبيعي إم فايف 1 كغم,بذور زينة,9.00,10,0 (0 تقييم)
أبصال زعفران حجم كبير عدد 10,بذور زينة,5.00,10,0 (0 تقييم)